id	map	x	y	z	has_z	position_role	position_name	anchor_score	score	evidence	source
11001	100	-12416	180520	3826	true	Teleport_Start	MiniGame_Fly_11001_Teleport_Start	850	227	Name=MiniGame_Fly_11001	ActorPositionData.xml:ActorPositionDataMap/ActorPositionData
11001	100	-7606	175514	157	true	NPC_Start	MiniGame_Fly_11001_NPC_Start	850	227	Name=MiniGame_Fly_11001	ActorPositionData.xml:ActorPositionDataMap/ActorPositionData
11002	100	31748	230501	3015	true	Teleport_Start	MiniGame_Fly_11002_Teleport_Start	850	227	Name=MiniGame_Fly_11002	ActorPositionData.xml:ActorPositionDataMap/ActorPositionData
11002	100	32424	230741	3154	true	NPC_Start	MiniGame_Fly_11002_NPC_Start	850	227	Name=MiniGame_Fly_11002	ActorPositionData.xml:ActorPositionDataMap/ActorPositionData
11003	100	104661	59240	7085	true	Teleport_Start	MiniGame_Fly_11003_Teleport_Start	850	227	Name=MiniGame_Fly_11003	ActorPositionData.xml:ActorPositionDataMap/ActorPositionData
11003	100	105012	58902	7094	true	NPC_Start	MiniGame_Fly_11003_NPC_Start	850	227	Name=MiniGame_Fly_11003	ActorPositionData.xml:ActorPositionDataMap/ActorPositionData
11004	100	98794	236016	3472	true	Teleport_Start	MiniGame_Fly_11004_Teleport_Start	850	227	Name=MiniGame_Fly_11004	ActorPositionData.xml:ActorPositionDataMap/ActorPositionData
11004	100	98932	235959	3435	true	NPC_Start	MiniGame_Fly_11004_NPC_Start	850	227	Name=MiniGame_Fly_11004	ActorPositionData.xml:ActorPositionDataMap/ActorPositionData
11005	100	85748	182405	10810	true	Teleport_Start	MiniGame_Fly_11005_Teleport_Start	850	227	Name=MiniGame_Fly_11005	ActorPositionData.xml:ActorPositionDataMap/ActorPositionData
11005	100	85536	182538	10639	true	NPC_Start	MiniGame_Fly_11005_NPC_Start	850	227	Name=MiniGame_Fly_11005	ActorPositionData.xml:ActorPositionDataMap/ActorPositionData
11006	100	116664	155684	9845	true	Teleport_Start	MiniGame_Fly_11006_Teleport_Start	850	227	Name=MiniGame_Fly_11006	ActorPositionData.xml:ActorPositionDataMap/ActorPositionData
11006	100	116807	155789	9798	true	NPC_Start	MiniGame_Fly_11006_NPC_Start	850	227	Name=MiniGame_Fly_11006	ActorPositionData.xml:ActorPositionDataMap/ActorPositionData
11007	100	216677	2908	11151	true	Teleport_Start	MiniGame_Fly_11007_Teleport_Start	850	227	Name=MiniGame_Fly_11007	ActorPositionData.xml:ActorPositionDataMap/ActorPositionData
11007	100	216763	3219	11078	true	NPC_Start	MiniGame_Fly_11007_NPC_Start	850	227	Name=MiniGame_Fly_11007	ActorPositionData.xml:ActorPositionDataMap/ActorPositionData
11008	100	176962	63752	10187	true	Teleport_Start	MiniGame_Fly_11008_Teleport_Start	850	227	Name=MiniGame_Fly_11008	ActorPositionData.xml:ActorPositionDataMap/ActorPositionData
11008	100	176951	64277	10096	true	NPC_Start	MiniGame_Fly_11008_NPC_Start	850	227	Name=MiniGame_Fly_11008	ActorPositionData.xml:ActorPositionDataMap/ActorPositionData
11009	100	51698	46319	13491	true	Teleport_Start	MiniGame_Fly_11009_Teleport_Start	850	227	Name=MiniGame_Fly_11009	ActorPositionData.xml:ActorPositionDataMap/ActorPositionData
11009	100	51868	46499	13431	true	NPC_Start	MiniGame_Fly_11009_NPC_Start	850	227	Name=MiniGame_Fly_11009	ActorPositionData.xml:ActorPositionDataMap/ActorPositionData
11010	100	110373	11088	18454	true	Teleport_Start	MiniGame_Fly_11010_Teleport_Start	850	227	Name=MiniGame_Fly_11010	ActorPositionData.xml:ActorPositionDataMap/ActorPositionData
11010	100	108900	8807	18645	true	NPC_Start	MiniGame_Fly_11010_NPC_Start	850	227	Name=MiniGame_Fly_11010	ActorPositionData.xml:ActorPositionDataMap/ActorPositionData
11011	100	158957	-36011	6400	true	Teleport_Start	MiniGame_Fly_11011_Teleport_Start	850	227	Name=MiniGame_Fly_11011	ActorPositionData.xml:ActorPositionDataMap/ActorPositionData
11011	100	158826	-38909	6774	true	NPC_Start	MiniGame_Fly_11011_NPC_Start	850	227	Name=MiniGame_Fly_11011	ActorPositionData.xml:ActorPositionDataMap/ActorPositionData
11012	100	68852	64495	8019	true	Teleport_Start	MiniGame_Fly_11012_Teleport_Start	850	227	Name=MiniGame_Fly_11012	ActorPositionData.xml:ActorPositionDataMap/ActorPositionData
11012	100	66676	64053	7559	true	NPC_Start	MiniGame_Fly_11012_NPC_Start	850	227	Name=MiniGame_Fly_11012	ActorPositionData.xml:ActorPositionDataMap/ActorPositionData
11013	100	-6777	151662	4077	true	Teleport_Start	MiniGame_Fly_11013_Teleport_Start	850	227	Name=MiniGame_Fly_11013	ActorPositionData.xml:ActorPositionDataMap/ActorPositionData
11013	100	-6434	150735	4293	true	NPC_Start	MiniGame_Fly_11013_NPC_Start	850	227	Name=MiniGame_Fly_11013	ActorPositionData.xml:ActorPositionDataMap/ActorPositionData
11014	100	43494	198697	2323	true	Teleport_Start	MiniGame_Fly_11014_Teleport_Start	850	227	Name=MiniGame_Fly_11014	ActorPositionData.xml:ActorPositionDataMap/ActorPositionData
11014	100	44553	196818	2260	true	NPC_Start	MiniGame_Fly_11014_NPC_Start	850	227	Name=MiniGame_Fly_11014	ActorPositionData.xml:ActorPositionDataMap/ActorPositionData
11015	100	155077	130672	9144	true	Teleport_Start	MiniGame_Fly_11015_Teleport_Start	850	227	Name=MiniGame_Fly_11015	ActorPositionData.xml:ActorPositionDataMap/ActorPositionData
11015	100	154700	131739	8948	true	NPC_Start	MiniGame_Fly_11015_NPC_Start	850	227	Name=MiniGame_Fly_11015	ActorPositionData.xml:ActorPositionDataMap/ActorPositionData
11016	100	99585	48087	2271	true	Teleport_Start	MiniGame_Fly_11016_Teleport_Start	850	227	Name=MiniGame_Fly_11016	ActorPositionData.xml:ActorPositionDataMap/ActorPositionData
11016	100	99760	47414	2237	true	NPC_Start	MiniGame_Fly_11016_NPC_Start	850	227	Name=MiniGame_Fly_11016	ActorPositionData.xml:ActorPositionDataMap/ActorPositionData
11017	100	124476	103368	10280	true	Teleport_Start	MiniGame_Fly_11017_Teleport_Start	850	227	Name=MiniGame_Fly_11017	ActorPositionData.xml:ActorPositionDataMap/ActorPositionData
11017	100	124529	102409	10145	true	NPC_Start	MiniGame_Fly_11017_NPC_Start	850	227	Name=MiniGame_Fly_11017	ActorPositionData.xml:ActorPositionDataMap/ActorPositionData
11018	100	39580	83475	1935	true	Teleport_Start	MiniGame_Fly_11018_Teleport_Start	850	227	Name=MiniGame_Fly_11018	ActorPositionData.xml:ActorPositionDataMap/ActorPositionData
11018	100	39829	85406	1510	true	NPC_Start	MiniGame_Fly_11018_NPC_Start	850	227	Name=MiniGame_Fly_11018	ActorPositionData.xml:ActorPositionDataMap/ActorPositionData
11019	100	38094	95695	12750	true	Teleport_Start	MiniGame_Fly_11019_Teleport_Start	850	227	Name=MiniGame_Fly_11019	ActorPositionData.xml:ActorPositionDataMap/ActorPositionData
11019	100	37744	95602	12626	true	NPC_Start	MiniGame_Fly_11019_NPC_Start	850	227	Name=MiniGame_Fly_11019	ActorPositionData.xml:ActorPositionDataMap/ActorPositionData
11020	100	148408	43908	24988	true	Teleport_Start	MiniGame_Fly_11020_Teleport_Start	850	227	Name=MiniGame_Fly_11020	ActorPositionData.xml:ActorPositionDataMap/ActorPositionData
11020	100	147051	42783	24608	true	NPC_Start	MiniGame_Fly_11020_NPC_Start	850	227	Name=MiniGame_Fly_11020	ActorPositionData.xml:ActorPositionDataMap/ActorPositionData
11021	100	93801	-40675	35305	true	Teleport_Start	MiniGame_Fly_11021_Teleport_Start	850	227	Name=MiniGame_Fly_11021	ActorPositionData.xml:ActorPositionDataMap/ActorPositionData
11021	100	90975	-39879	34257	true	NPC_Start	MiniGame_Fly_11021_NPC_Start	850	227	Name=MiniGame_Fly_11021	ActorPositionData.xml:ActorPositionDataMap/ActorPositionData
11022	100	34311	-46039	41685	true	Teleport_Start	MiniGame_Fly_11022_Teleport_Start	850	227	Name=MiniGame_Fly_11022	ActorPositionData.xml:ActorPositionDataMap/ActorPositionData
11022	100	35165	-39518	36996	true	NPC_Start	MiniGame_Fly_11022_NPC_Start	850	227	Name=MiniGame_Fly_11022	ActorPositionData.xml:ActorPositionDataMap/ActorPositionData
11023	100	123463	-30153	26626	true	Teleport_Start	MiniGame_Fly_11023_Teleport_Start	850	227	Name=MiniGame_Fly_11023	ActorPositionData.xml:ActorPositionDataMap/ActorPositionData
11023	100	122577	-30571	26444	true	NPC_Start	MiniGame_Fly_11023_NPC_Start	850	227	Name=MiniGame_Fly_11023	ActorPositionData.xml:ActorPositionDataMap/ActorPositionData
11024	100	128453	117518	10577	true	Teleport_Start	MiniGame_Fly_11024_Teleport_Start	850	227	Name=MiniGame_Fly_11024	ActorPositionData.xml:ActorPositionDataMap/ActorPositionData
11025	100	201448	205803	6018	true	Teleport_Start	MiniGame_Fly_11025_Teleport_Start	850	227	Name=MiniGame_Fly_11025	ActorPositionData.xml:ActorPositionDataMap/ActorPositionData
11025	100	199430	201393	8126	true	NPC_Start	MiniGame_Fly_11025_NPC_Start	850	227	Name=MiniGame_Fly_11025	ActorPositionData.xml:ActorPositionDataMap/ActorPositionData
11026	100	235289	165128	11479	true	Teleport_Start	MiniGame_Fly_11026_Teleport_Start	850	227	Name=MiniGame_Fly_11026	ActorPositionData.xml:ActorPositionDataMap/ActorPositionData
11026	100	236479	165455	11465	true	NPC_Start	MiniGame_Fly_11026_NPC_Start	850	227	Name=MiniGame_Fly_11026	ActorPositionData.xml:ActorPositionDataMap/ActorPositionData
11027	100	326961	181183	27004	true	Teleport_Start	MiniGame_Fly_11027_Teleport_Start	850	227	Name=MiniGame_Fly_11027	ActorPositionData.xml:ActorPositionDataMap/ActorPositionData
11027	100	326075	180615	26976	true	NPC_Start	MiniGame_Fly_11027_NPC_Start	850	227	Name=MiniGame_Fly_11027	ActorPositionData.xml:ActorPositionDataMap/ActorPositionData
11028	100	229424	211476	14652	true	Teleport_Start	MiniGame_Fly_11028_Teleport_Start	850	227	Name=MiniGame_Fly_11028	ActorPositionData.xml:ActorPositionDataMap/ActorPositionData
11028	100	229185	210601	14768	true	NPC_Start	MiniGame_Fly_11028_NPC_Start	850	227	Name=MiniGame_Fly_11028	ActorPositionData.xml:ActorPositionDataMap/ActorPositionData
11029	100	280512	191649	8117	true	Teleport_Start	MiniGame_Fly_11029_Teleport_Start	850	227	Name=MiniGame_Fly_11029	ActorPositionData.xml:ActorPositionDataMap/ActorPositionData
11029	100	280021	191521	8050	true	NPC_Start	MiniGame_Fly_11029_NPC_Start	850	227	Name=MiniGame_Fly_11029	ActorPositionData.xml:ActorPositionDataMap/ActorPositionData
11030	100	272635	166587	4375	true	Teleport_Start	MiniGame_Fly_11030_Teleport_Start	850	227	Name=MiniGame_Fly_11030	ActorPositionData.xml:ActorPositionDataMap/ActorPositionData
11030	100	275989	165089	4712	true	NPC_Start	MiniGame_Fly_11030_NPC_Start	850	227	Name=MiniGame_Fly_11030	ActorPositionData.xml:ActorPositionDataMap/ActorPositionData
11031	100	268062	83110	10455	true	Teleport_Start	MiniGame_Fly_11031_Teleport_Start	850	227	Name=MiniGame_Fly_11031	ActorPositionData.xml:ActorPositionDataMap/ActorPositionData
11031	100	269179	82606	10541	true	NPC_Start	MiniGame_Fly_11031_NPC_Start	850	227	Name=MiniGame_Fly_11031	ActorPositionData.xml:ActorPositionDataMap/ActorPositionData
11032	100	212299	41233	15122	true	Teleport_Start	MiniGame_Fly_11032_Teleport_Start	850	227	Name=MiniGame_Fly_11032	ActorPositionData.xml:ActorPositionDataMap/ActorPositionData
11032	100	211265	42551	15135	true	NPC_Start	MiniGame_Fly_11032_NPC_Start	850	227	Name=MiniGame_Fly_11032	ActorPositionData.xml:ActorPositionDataMap/ActorPositionData
11033	100	285383	107253	14854	true	Teleport_Start	MiniGame_Fly_11033_Teleport_Start	850	227	Name=MiniGame_Fly_11033	ActorPositionData.xml:ActorPositionDataMap/ActorPositionData
11033	100	281339	108705	13770	true	NPC_Start	MiniGame_Fly_11033_NPC_Start	850	227	Name=MiniGame_Fly_11033	ActorPositionData.xml:ActorPositionDataMap/ActorPositionData
11034	100	310946	76980	34338	true	Teleport_Start	MiniGame_Fly_11034_Teleport_Start	850	227	Name=MiniGame_Fly_11034	ActorPositionData.xml:ActorPositionDataMap/ActorPositionData
11034	100	311746	79193	32935	true	NPC_Start	MiniGame_Fly_11034_NPC_Start	850	227	Name=MiniGame_Fly_11034	ActorPositionData.xml:ActorPositionDataMap/ActorPositionData
